<?xml version="1.0" encoding="UTF-8"?>

<mule xmlns:cluster="http://www.mulesoft.org/schema/mule/ee/cluster" xmlns:http="http://www.mulesoft.org/schema/mule/http" xmlns="http://www.mulesoft.org/schema/mule/core" xmlns:doc="http://www.mulesoft.org/schema/mule/documentation"
	xmlns:spring="http://www.springframework.org/schema/beans" 
	xmlns:xsi="http://www.w3.org/2001/XMLSchema-instance"
	xsi:schemaLocation="http://www.springframework.org/schema/beans http://www.springframework.org/schema/beans/spring-beans-current.xsd
http://www.mulesoft.org/schema/mule/core http://www.mulesoft.org/schema/mule/core/current/mule.xsd
http://www.mulesoft.org/schema/mule/http http://www.mulesoft.org/schema/mule/http/current/mule-http.xsd">
    <configuration defaultExceptionStrategy-ref="Choice_Exception_Strategy" doc:name="Configuration">
        <http:config useTransportForUris="false"/>
    </configuration>
	
	<choice-exception-strategy name="Choice_Exception_Strategy">
            <catch-exception-strategy when="#[exception.causeMatches('com.mulesoft.weave.*')]" doc:name="Catch Exception Strategy">
                <set-property propertyName="http.status" value="500" doc:name="Property"/>
                <set-payload value="#['Destination is missing and not able to transform message'+'\n'+exception]" doc:name="Set Payload"/>
            </catch-exception-strategy>
            <catch-exception-strategy doc:name="Catch Exception Strategy_AllOtherException">
                <set-property propertyName="http.status" value="400" doc:name="Property"/>
                <set-payload value="#['Error while executing flow. Try after sometime'+'\n'+exception]" doc:name="Copy_of_Set Payload"/>
            </catch-exception-strategy>
        </choice-exception-strategy>

</mule>
